,LIST OF ACCREDITED TRES PER LGU,,,,,,,
,As of August 31 2025,,,,,,,
,,,,,,,,
,Enterprise Type,Enterprise Name,Address,Contact Number,Email,Accreditation Number,Validity,New/Renewal
,GENERAL LUNA,,,,,,,
,GENERAL LUNA,,,,,,,
1,Resort,Siago Beach Resort,"Purok 5, General Luna Surigao Del Norte",639175909315,siagobeachresort@gmail.com,DOT-R13-RES-00122-2021,31-Oct-26,Renewal
2,Resort,Kermit Surf & Dive Camp Inc.,"General luna, Surigao del Norte",9758019657,inquiry@kermitsiargao.com,DOT-R13-RES-00031-2020,31-Oct-26,Renewal
3,Resort,Nay Palad Hideaway,"General luna, Surigao del Norte",9177017840,vince@naypaladhideaway.com,DOT-R13-RES-00384-2023,31-Oct-26,Renewal
4,Resort,Cherinicole Beach Resort,"Poblacion 3, General Luna, Surigao del Norte",0918-244-4407 / 0977-336-9547 / 0933-866-6460,cherinicoleresort@yahoo.com,DOT-R13-RES-00029-2020,31-Oct-26,Renewal
5,Resort,Surfing Temple,"General luna, Surigao del Norte",9684402027,surfingtemple@gmail.com,DOT-R13-RES-00133-2021,31-Oct-26,Renewal
6,Resort,Isla Cabana Resort,"General luna, Surigao del Norte",9285595244,islacabanaresort@gmail.com,DOT-R13-RES-00385-2023,31-Oct-26,Renewal
7,Resort,Jonas and Twins Resort,"General luna, Surigao del Norte",9272820302,jonastwinsresort@gmail.com,DOT-R13-RES-00037-2020,31-Oct-26,Renewal
8,Resort,Sandyfeet Vacation Home Rentals,"General luna, Surigao del Norte",0966 177 5676,relax@sandyfeetsiargao.com,DOT-R13-RES-00046-2020,31-Oct-26,Renewal
9,Resort,Buddha Resort,"General luna, Surigao del Norte",9282079631,hello@buddhasiargao.com,DOT-R13-RES-00174-2021,31-Oct-26,Renewal
10,Resort,Kalipay Resort,"General luna, Surigao del Norte",9560190172,help@kalipayresort.com,DOT-R13-RES-00069-2021,31-Oct-26,Renewal
11,Resort,Villa Cali Resort,"General luna, Surigao del Norte",0920 662 7924,Villacalisiargao@gmail.com,DOT-R13-RES-00077-2021,31-Oct-26,Renewal
12,Resort,Bravo Beach Resort,"General luna, Surigao del Norte",0917 626 1088,manager@bravoresort.com,DOT-R13-RES-00149-2021,31-Oct-26,Renewal
13,Resort,Apsaras Tribe Philippines Inc.,"Catangnan, General Luna, Surigao del Norte",99953131174,reservations@apsarasgroup.co.uk / accountingstaff.siargao@apsarasgroup.co.uk,DOT-R13-RES-00042-2020,31-Oct-26,Renewal
14,Resort,Maison Bukana Private Resort,"Surigao del Norte, General Luna, Malinao",09272071392,cbariou@maisonbukana.com,DOT-R13-RES-00116-2021,31-Oct-26,18-Jan-00
15,Resort,Reef Beach Resort,"Catangnan, General Luna, Surigao del Norte",0999-339-3535,reefbeachhouses@gmail.com,DOT-R13-RES-00048-2020,31-Oct-26,3-Feb-00
16,Resort,Kalinaw Resort,"Catangnan, General Luna, Siargao, Surigao del Norte",9193957456,info@kalinawresort.com,DOT-R13-RES-00021-2020,31-Oct-26,
17,Resort,Siargao Bleu Resort & Spa,"Catangnan, General Luna, Surigao del Norte",9178188800,siargaobleu@gmail.com,DOT-R13-RES-00049-2021,31-Oct-26,
,,,,,,,,
1,Mabuhay Accommodation,Romantic Beach Villas,"Pob. 5, General Luna, Surigao del Norte",9166226635,rcadek@yahoo.com/rbz@islandsiargao.com / rbvfront@gmail.com,DOT-R13-MAB-00071-2021,31-Oct-26,Renewal
2,Mabuhay Accommodation,Gardenview Homestay,"Brgy. Catangnan, General Luna, Surigao del Norte",0999-676-8337,herbertamaba@yahoo.com,DOT-R13-MAB-00083-2021,31-Oct-26,Renewal
3,Mabuhay Accommodation,RDM Beach Resort,"Region 13, Surigao del Norte, General Luna, Malinao",9190006408,annemadlos@gmail.com,DOT-R13-MAB-00100-2021,31-Oct-26,Renewal
4,Mabuhay Accommodation,Tarzan's House,"Surigao del Norte, General Luna, Catangnan",9620401104,tarzanshouse2019@gmail.com,DOT-R13-MAB-00178-2021,31-Oct-26,Renewal
5,Mabuhay Accommodation,SENTROSUITES VILLA RENTAL [FORMERLY KNOWN AS SENTRO SUITES],"Poblacion II, General Luna, Surigao del Norte",9088830204,info@sentrosuitessiargao.com,DOT-R13-MAB-00259-2022,31-Oct-26,Renewal
6,Mabuhay Accommodation,Patrick's on the Beach,"General Luna, Surigao del Norte",9204317361,"comadevie17@gmail.com

patricksonthebeach@gmail.com

elizabethmiko@gmail.com",DOT-R13-MAB-00080-2021,31-Oct-26,Renewal
7,Mabuhay Accommodation,FOXTAIL GUEST HOUSE,"General Luna, Surigao del Norte",9093914370,foxtailsiargaogh@gmail.com,DOT-R13-MAB-01009-2024,31-Oct-26,Renewal
8,Mabuhay Accommodation,Hostel Bajala Siargao Corp,"General Luna, Surigao del Norte",9176597171,hr@bajalasiargao.ph,DOT-R13-MAB-00537-2023,31-Oct-26,Renewal
9,Mabuhay Accommodation,YAMAHARLEY BEACHFRONT APARTMENTS,"General Luna, Surigao del Norte",9505005767,mgmtefora@gmail.com,DOT-R13-MAB-00550-2023,31-Oct-26,Renewal
10,Mabuhay Accommodation,Happiness Hostel and Restaurant,"General Luna, Surigao del Norte",90171290082,siargaohostel@happinessphilippines.com,DOT-R13-MAB-00553-2023,31-Oct-26,Renewal
11,Mabuhay Accommodation,Kawa Resort,"General Luna, Surigao del Norte",9151219064,kawaresort@gmail.com,DOT-R13-MAB-00570-2023,31-Oct-26,Renewal
12,Mabuhay Accommodation,Siargao Inn,"General Luna, Surigao del Norte",9399103011,charlcris2@gmail.com,DOT-R13-MAB-00856-2024,31-Oct-26,Renewal
13,Mabuhay Accommodation,Kaimana Beach Resort,"General Luna, Surigao del Norte",9171561221,kaimanaresort8@gmail.com,DOT-R13-MAB-00878-2024,31-Oct-26,Renewal
14,Mabuhay Accommodation,RIADMASAYA HOMESTAY,"Tourism Rd, General Luna, Surigao del Norte",9201735559,riadmasaya@gmail.com,DOT-R13-MAB-00038-2020,31-Oct-26,Renewal
15,Mabuhay Accommodation,Sea Green Cafe,"Tourism Rd, General Luna, Surigao del Norte",9855722295,seagreensiargao@gmail.com,DOT-R13-MAB-00897-2024,31-Oct-25,Renewal
16,Mabuhay Accommodation,FOREVER SIARGAO (FORMERLY KNOWN AS MAY FOREVER DESTINATIONS INC),"Purok V, General Luna, Surigao del Norte",9194105312,foreversiargaofficial@gmail.com,DOT-R13-MAB-00089-2021,31-Oct-26,Renewal
17,Mabuhay Accommodation,BAYAY HAYAHAY HOMESTAY,"Purok V, General Luna, Surigao del Norte",9630757711,mariahomestaysiargao@gmail.com,DOT-R13-MAB-00992-2024,31-Oct-26,Renewal
18,Mabuhay Accommodation,BLAUSET HOUSE 1,"Purok V, General Luna, Surigao del Norte",9177138094,manager.blauset@gmail.com,DOT-R13-MAB-01038-2024,31-Oct-26,Renewal
19,Mabuhay Accommodation,BULAN VILLAS SIARGAO INC.,"Catangnan, General Luna, Surigao del Norte",9671333139,bulanvillas@gmail.com,DOT-R13-MAB-00187-2021,31-Oct-26,Renewal
20,Mabuhay Accommodation,Himaya Siargao Villa Rental,"General Luna, Surigao del Norte",9272820372,himaya.siargao@gmail.com,DOT-R13-MAB-00145-2021,31-Oct-26,Renewal
21,Mabuhay Accommodation,The Broken Board,"General Luna, Surigao del Norte",9291794506,brokenboardsiargao@gmail.com,DOT-R13-MAB-00184-2021,31-Oct-26,Renewal
22,Mabuhay Accommodation,DODONG HOMESTAY,"General Luna, Surigao del Norte",9105806156,dodong.homestay@gmail.com,DOT-R13-MAB-00946-2024,31-Oct-26,
23,Mabuhay Accommodation,MYLOVE SIARGAO VILLA RENTAL,"Malinao, General Luna, Surigao del Norte",639958195679,mylovesiargao@gmail.com,DOT-R13-MAB-00955-2024,31-Oct-25,
24,Mabuhay Accommodation,Rucksack Inn Siargao,"Rucksack Inn Siargao, Lot 2967, Bgy. Catangnan, General Luna, Surigao del Norte",9177190129,rommel@thhg.sg,DOT-R13-MAB-01108-2024,31-Oct-26,
25,Mabuhay Accommodation,La Boheme,"Sta. Ines, Catangnan, General Luna, Surigao del Norte",9620400663,ccuencajim@gmail.com,DOT-R13-MAB-00135-2021,31-Oct-26,
26,Mabuhay Accommodation,Mao Mao Surf,"General Luna, Surigao del Norte",9084749759,maomaosurf@gmail.com,DOT-R13-MAB-00067-2021,31-Oct-26,
27,Mabuhay Accommodation,The Village Siargao,"General Luna, Surigao del Norte",0945-297-0774,stay@thevillagesiargao.com,DOT-R13-MAB-00130-2021,31-Oct-26,
28,Mabuhay Accommodation,Tropic Hostel,"General Luna, Surigao del Norte",9205479402,siargaotropichostel@yahoo.com,DOT-R13-MAB-00175-2021,31-Oct-26,
29,Mabuhay Accommodation,MUNIMUNI VILLAS (FORMERLY KNOWN AS MUNI-MUNI VILLAS SIARGAO),"General Luna, Surigao del Norte",0956-479-1054,munimunivillas@gmail.com,DOT-R13-MAB-00208-2021,31-Oct-26,
30,Mabuhay Accommodation,Sweet Home Hostel,"General Luna, Surigao del Norte",9778435410,sweethomehostel2021@gmail.com,DOT-R13-MAB-00220-2022,31-Oct-26,
31,Mabuhay Accommodation,Lubihan Siargao,"General Luna, Surigao del Norte",9178181887,lubihansiargao@gmail.com,DOT-R13-MAB-00162-2021,31-Oct-26,
32,Mabuhay Accommodation,L'Osteria Ristorante Italiano-Vineria,"General Luna, Surigao del Norte",9175497296,arch.annaalcaraz@gmail.com,DOT-R13-MAB-00086-2021,31-Oct-26,
33,Mabuhay Accommodation,Yayay Homestay,"General Luna, Surigao del Norte",9560842749,yayayhomestay@yahoo.com,DOT-R13-MAB-00199-2021,31-Oct-26,
34,Mabuhay Accommodation,SOULTRIBE BEACH RETREAT,"General Luna, Surigao del Norte",9194905531,info@soultribebeachretreat.com,DOT-R13-MAB-00201-2021,31-Oct-26,
35,Mabuhay Accommodation,Balay Yuhom,"General Luna, Surigao del Norte",9178957524,balayyuhom@gmail.com,DOT-R13-MAB-00471-2023,31-Oct-26,
36,Mabuhay Accommodation,YAMAHARLEY BEACHFRONT APARTMENTS,"General Luna, Surigao del Norte",9505005767,mgmtefora@gmail.com,DOT-R13-MAB-00550-2023,31-Oct-26,
37,Mabuhay Accommodation,FREIBERGS KAPU CO. INC.,"Tourism Road, Catangnan,Surigao del Norte",9081442314,pawikansiargao1@gmail.com,DOT-R13-MAB-01175-2024,31-Oct-25,
38,Mabuhay Accommodation,FELICITAS GUEST HOUSE,"Poblacion 5, General Luna, Surigao del Norte",9850377133,dannamaealipayo@gmail.com,DOT-R13-MAB-01185-2024,31-Oct-25,
39,Mabuhay Accommodation,HARRIS CAMPING FACILITIES RENTALS,"General Luna, Surigao del Norte",9336792413,ginagraceharris@gmail.com,DOT-R13-MAB-00581-2023,31-Oct-26,
40,Mabuhay Accommodation,Suyog Space Suites,"General Luna, Surigao del Norte",9292545372,suyoglifesiargao@gmail.com,DOT-R13-MAB-00070-2021,31-Oct-26,4-Jan-00
41,Mabuhay Accommodation,Isola Del Sole Villa and Resort,"Brgy. Catangnan, General Luna, Surigao del Norte",9489748114,minglanamariacherissa@gmail.com,DOT-R13-MAB-00237-2022,31-Oct-26,9-Jan-00
42,Mabuhay Accommodation,Daluyong Beach Resort,"General Luna, Surigao del Norte",9187054923,daluyong.siargao@gmail.com,DOT-R13-MAB-00068-2021,31-Oct-26,19-Jan-00
43,Mabuhay Accommodation,Tropical Temple Siargao [Formerly known as I Love Siargao Resort],"General Luna, Surigao del Norte",9206619007,tropicaltemplesiargao@gmail.com,DOT-R13-MAB-00150-2021,31-Oct-26,4-Feb-00
44,Mabuhay Accommodation,The Ferra Premier by JG,"General Luna, Surigao del Norte",9178622232,ferraresortsiargao@gmail.com,DOT-R13-MAB-00580-2023,31-Oct-26,
45,Mabuhay Accommodation,YOUWANDER INC. (CORACASA BED AND BREAKFAST),"General Luna, Surigao del Norte",9493460868,coracasasiargao@gmail.com,DOT-R13-MAB-00543-2023,31-Oct-26,7-Jan-00
46,Mabuhay Accommodation,Clohaki Hostel,"General Luna, Surigao del Norte","09176223916, 09171504202, 09323894942, 09171763323",balayhayahaysiargao@gmail.com,DOT-R13-MAB-00139-2021,31-Oct-25,1-Jan-00
47,Mabuhay Accommodation,CASA BASA SIARGAO INC.,"Malinao, General Luna, Surigao del Norte",9958190632,casabasasiargao@gmail.com,DOT-R13-MAB-01232-2025,31-Oct-25,1-Jan-00
48,Mabuhay Accommodation,Privacy Residency,"Surigao del Norte, General Luna, Catangnan",9206049058,siargaoresidency@yahoo.com,DOT-R13-MAB-00177-2021,31-Oct-26,16-Jan-00
49,Mabuhay Accommodation,Kesa Cloud 9 Hotel Inc.,"Brgy. Catangnan, General Luna, Surigao del Norte",09175800580 ; 09338267382,kesacloud9hotel@gmail.com,DOT-R13-MAB-00260-2022,31-Oct-26,2-Jan-00
50,Mabuhay Accommodation,Hirayasurf Hostel,"General Luna, Surigao del Norte",9176396509,hiraya.siargao@gmail.com,DOT-R13-MAB-00074-2021,31-Oct-26,10-Jan-00
51,Mabuhay Accommodation,SIARGAO SUNFLOWER SUITES (FORMERLY KNOWN AS SUNFLOWER HOUSE),"Surigao del Norte, General Luna, Poblacion V (Purok V)",9761214469,sunflowerhousesiargao@gmail.com,DOT-R13-MAB-00197-2021,31-Oct-26,4-Jan-00
52,Mabuhay Accommodation,YAY LODGE,"Poblacion 5, General Luna, Surigao del Norte",9497678414,jasmin.r.schroeter@gmail.com,DOT-R13-MAB-01232-2025,31-Oct-25,1-Jan-00
53,Mabuhay Accommodation,DREAMCATCHERNIPAS HOSTEL,"Poblacion 5, General Luna, Surigao del Norte",9196458509,dreamcatchernipas@gmail.com,DOT-R13-MAB-01266-2025,31-Oct-25,1-Jan-00
54,Mabuhay Accommodation,MMPH CORPORATION,"Lot 2903 Brgy Catangnan, Gen Luna, Surigao del Norte",9610565023,dean@madmonkeyhostels.com,DOT-R13-MAB-01273-2025,31-Oct-26,13-Jan-00
55,Mabuhay Accommodation,DAJON RESIDENTIAL CONDO UNIT RENTAL,"Poblacion IV, General Luna, Surigao del Norte",9667624480,dajoncondo@yahoo.com,DOT-R13-MAB-01284-2025,31-Oct-25,8-Jan-00
56,Mabuhay Accommodation,SEACLUB SIARGAO,"Surigao del Norte, General Luna, Catangnan",9159578559,carlos@seaclub.co,DOT-R13-MAB-00203-2021,31-Oct-26,24-Jan-00
57,Mabuhay Accommodation,Diwa Siargao,"General Luna, Malinao, Siargao Island",9453443812,hello@diwasiargao.com,DOT-R13-MAB-00167-2021,31-Oct-26,3-Jan-00
58,Mabuhay Accommodation,Edward Patrecia Pension House,"Surigao del Norte, General Luna, Poblacion III (Purok III)",9507557711,edwardpatreciahomestay@gmail.com,DOT-R13-MAB-00136-2021,31-Oct-26,1-Jan-00
59,Mabuhay Accommodation,Cuadro Inn,"Surigao del Norte, General Luna, Poblacion II (Purok II)",09121975430/09214452284,catherine.licarte5@gmail.com,DOT-R13-MAB-00182-2021,31-Oct-26,3-Jan-00
60,Mabuhay Accommodation,EME'S APARTELLE,"Poblacion 1, General Luna, Surigao del Norte",9187708714,emesapartelle01@gmail.com,DOT-R13-MAB-01302-2025,31-Oct-26,3-Jan-00
61,Mabuhay Accommodation,"VIVO SIARGAO RESORT (FORMERLY KNOWN AS ""VIVO INN RESORT AND RESTAURANT"")","General Luna, Surigao del Norte",9199534671,vivoinnsiargao@gmail.com,DOT-R13-MAB-00081-2021,31-Oct-26,9-Jan-00
62,Mabuhay Accommodation,Salig Inn,"Surigao del Norte, General Luna, Poblacion V (Purok V)",09985481978,saliginnsiargao@gmail.com,DOT-R13-MAB-00212-2021,31-Oct-26,1-Jan-00
63,Mabuhay Accommodation,BALAI MALINAWON,"Malinao, General Luna, Surigao del Norte",9189471283,ssvhardconsts@yahoo.com,DOT-R13-MAB-01319-2025,31-Oct-26,8-Jan-00
64,Mabuhay Accommodation,BIG-WAVES HOTEL,"Poblacion 2, General Luna, Surigao del Norte",9175245588,bigwaves.siargao@gmail.com,DOT-R13-MAB-01325-2025,31-Oct-26,10-Jan-00
65,Mabuhay Accommodation,Victoria's Inn,"TOURISM ROAD, POBLACION III, GENERAL LUNA, SURIGAO DEL NORTE",09088198384/ 09399169416,victoriasinnsiargao@gmail.com,DOT-R13-MAB-00129-2021,31-Oct-26,3-Jan-00
66,Mabuhay Accommodation,STRANGERS INN,"Poblacion 5, General Luna, Surigao del Norte",9999413846,strangersinnandbar@gmail.com,DOT-R13-MAB-01309-2025,31-Oct-26,3-Jan-00
67,Mabuhay Accommodation,Casa Bianca,"Surigao del Norte, General Luna, Catangnan",9179241397,casabiancasiargao@gmail.com,DOT-R13-MAB-00183-2021,31-Oct-26,2-Jan-00
68,Mabuhay Accommodation,Casavia Hostel,"Catangnan, General Luna, Surigao del Norte","09171530458, 09175770112",casavia@yahoo.com,DOT-R13-MAB-01332-2025,31-Oct-26,5-Jan-00
69,Mabuhay Accommodation,HAPPINESS BEACH RESORT (FORMERLY KNOWN AS ARKA HAYAHAY SURF AND BEACH RESORT),"General Luna, Surigao del Norte",9171290082,arkahayahay@gmail.com,DOT-R13-MAB-00148-2021,31-Oct-26,14-Jan-00
70,Mabuhay Accommodation,OHAYOSIARGAO HOSTEL,POBLACION V GENERAL LUNA SURIGAO DEL NORTE,9622046265,ohayosiargao@gmail.com,DOT-R13-MAB-01339-2025,31-Oct-25,
71,Mabuhay Accommodation,THE OHM RESORT,"Sta. Ines, Catangnan, General Luna",9563383490,tarun@theohmsiargao.com,DOT-R13-MAB-01355-2025,31-Oct-25,
,,,,,,,,
1,Homestay,Yara Homestay Pension House,"General Luna, Surigao del Norte",9175551233,danielcrisologo38@gmail.com,DOT-R13-HMY-00375-2023,31-Oct-26,
2,Homestay,PEPAYEN HOME STAY,"General Luna, Surigao del Norte",9079312738,liolita.royal@yahoo.com,DOR-R13-HMY-00563-2023,31-Oct-26,
3,Homestay,JML Home Stay,"General Luna, Surigao del Norte",9109419585,jmlhomestay@gmail.com,DOT-R13-HMY-00454-2023,31-Oct-26,
4,Homestay,SIERRA'S COTTAGE HOMESTAY,"General Luna, Surigao del Norte",9557533735,raynildaracho@gmail.com,DOT-R13-HMY-00451-2023,31-Oct-26,
5,Homestay,MAY ANN HOMESTAY,"General Luna, Surigao del Norte",9475525358,may.tokong@gmail.com,DOT-R13-HMY-00440-2023,31-Oct-26,
6,Homestay,Noguerra Homestay,"Poblacion, General Luna, Surigao del Norte",9263985100,noguerrahomestay@gmail.com,DOT-R13-HMY-00527-2023,31-Oct-26,
7,Homestay,Bayay Esteria Homestay,"General Luna, Surigao del Norte",976 066 4134,sandagreat@yahoo.com,DOT-R13-HMY-00479-2023,31-Oct-26,
8,Homestay,Cleonor Homestay,"General Luna, Surigao del Norte",09103409117/09661886819,gie022081@gmail.com,DOT-R13-HMY-00376-2023,31-Oct-26,
9,Homestay,LJRC Homestay,"General Luna, Surigao del Norte",9207410307,rapzsanchez@gmail.com,DOT-R13-HMY-00206-2021,31-Oct-26,
10,Homestay,Tomaides Place Homestay,"General Luna, Surigao del Norte",9507557974,kcamingue70@gmail.com,DOT-R13-HMY-00132-2021,31-Oct-26,
11,Homestay,RF Jade Homestay,"General Luna, Surigao del Norte",9381393084,flordeningpetallo@gmail.com,DOT-R13-HMY-00142-2021,31-Oct-26,
12,Homestay,Homely Homestay,"General Luna, Surigao del Norte",9272348932,siargaohomelyhomestay@gmail.com,DOT-R13-HMY-00245-2022,31-Oct-26,
13,Homestay,Triangle Palm Villas,"General Luna, Surigao del Norte",9667634970,alexiesilverio@gmail.com,DOT-R13-HMY-00062-2021,31-Oct-26,
14,Homestay,Blue House,"General Luna, Surigao del Norte",9481582423,bluehousehomestay21@gmail.com,DOT-R13-HMY-00448-2023,31-Oct-26,
15,Homestay,IAO Surfing Retreat House,"Sitio Sta. Ines, General Luna, Surigao del Norte",9274069859,arforcadilla@gmail.com,DOT-R13-HMY-00517-2023,31-Oct-26,
16,Homestay,Nine Clouds Restaurant and Homestay,"Catangnan, General Luna, Surigao del Norte",9682050258,info.9clouds@gmail.com,DOT-R13-HMY-00528-2023,31-Oct-26,
17,Homestay,Coconut Homestay,"General Luna, Surigao del Norte",9565641698,coconuthome.siargao@gmail.com,DOT-R13-HMY-00572-2023,31-Oct-26,
18,Homestay,LATAGAW RESIDENTIAL HOMESTAY,"Poblacion I, General Luna, Surigao del Norte",9951991026,rodulfomantilla@gmail.com,DOT-R13-HMY-01183-2024,31-Oct-26,
19,Homestay,Volpe Homestay,"Catangnan, General Luna, Surigao del Norte",9999433514,onivolpe1956.com@gmail.com,DOT-R13-HMY-01216-2025,31-Oct-26,1-Jan-00
20,Homestay,Mahajab Homestay,"General Luna, Surigao del Norte",9300157769,mahajabhomestayDOT@gmail.com,DOT-R13-HMY-00483-2023,31-Oct-26,1-Jan-00
21,Homestay,Abby Homestay,"General Luna, Surigao del Norte",9773875412,abbyhomestay20@gmail.com,DOT-R13-HMY-00447-2023,31-Oct-26,1-Jan-00
22,Homestay,Ayman's Guest House,"General Luna, Surigao del Norte",09610756182/ 09070902469,rheaaug03@gmail.com,DOT-R13-HMY-00374-2023,31-Oct-26,1-Jan-00
23,Homestay,A-RENA HOMESTAY,"Brgy. 5, Poblacion, Genaral Luna, Surigao Del Norte",9150661375,arena_homestay@yahoo.com,DOT-R13-HMY-01285-2025,31-Oct-26,1-Jan-00
24,Homestay,RedDot Guest House,"Poblacion, General Luna, Surigao del Norte",9153560101,reddotguesthouse@gmail.com,DOT-R13-HMY-00529-2023,31-Oct-26,1-Jan-00
,,,,,,,,
1,Travel and Tour Agency,DEE SIARGAONON TRAVEL AND TOURS,"General Luna, Surigao del Norte",9666497725,sulapasedgardo982@gmail.com,DOT-R13-TTA-00449-2023,30-Jun-26,12-Jan-00
2,Travel and Tour Agency,WOW Siargao Island Travel and Tours,"General Luna, Surigao del Norte",9171504894,wowsiargao2023@gmail.com,DOT-R13-TTA-00909-2024,30-Jun-26,
3,Travel and Tour Agency,XARGAO TRAVEL AND TOURS,"General Luna, Surigao del Norte",0936-982-1016,xargaotoursandsouvenirs@gmail.com,DOT-R13-TTA-00477-2023,30-Jun-26,
4,Travel and Tour Agency,"UNLTD TRAVEL AND TOURS, INC.","General Luna, Surigao del Norte",9190669323,siargao@unltdtravel.com,DOT-R13-TTA-00874-2024,30-Jun-26,
5,Travel and Tour Agency,TRAVEL ESSENTIALS- Siargao Branch,"Pob. V, General Luna, Surigao del Norte",9398999156,travelessentials81@yahoo.com,DOT-R13-TTA-00925-2024,30-Jun-26,
,,,,,,,,
1,Tour Operator,COLZ TRAVEL AND TOURS SERVICES (FORMERLY KNOWN AS COLZ TRAVEL AND TOURS),"General Luna, Surigao del Norte",9561633917,business.colzvidal@gmail.com,DOT-R13-TOP-00453-2023,30-Jun-26,
2,Tour Operator,Galatea Tours,"General Luna, Surigao del Norte",9209093725,galatea.tours.siargao@gmail.com,DOT-R13-TOP-00487-2023,30-Jun-26,
3,Tour Operator,Suroy Siargao Travel & Tours,"General Luna, Surigao del Norte",639129888829,wizzzi22.lm@gmail.com,DOT-R13-TOP-00571-2023,30-Jun-26,
4,Tour Operator,CHEEKYTITAS TOUR SERVICES,"Poblacion II, General Luna, Surigao del Norte",9279732193,ksbride@gmail.com,DOT-R13-TOP-00907-2024,30-Jun-26,
5,Tour Operator,MCIAO TRAVEL AND TOURS,"Catangnan, General Luna, Surigap del Norte",9217340390,anthonysenit@gmail.com,DOT-R13-TOP-00915-2024,30-Jun-26,
6,Tour Operator,GL Island Tours,"Malinao, General Luna, Surigao del Norte",9178342526,info@siargaoislandtour.com,DOT-R13-TOP-00860-2024,30-Jun-26,
7,Tour Operator,Maricel Tour Services,"General Luna, Surigao del Norte",9272347406,mariceltourservices@gmail.com,DOT-R13-TOP-00549-2023,30-Jun-26,
8,Tour Operator,DOODS TRAVEL AND TOURS AGENCY,"General Luna, Surigao del Norte",9364752186,doodsalmacen@gmail.com,DOT-R13-TOP-00480-2023,30-Jun-26,
9,Tour Operator,Pointbreak Siargao Travel and Tours,"General Luna, Surigao del Norte",9177703518,mauiparaguya@gmail.com,DOT-R13-TOP-00473-2023,30-Jun-26,
10,Tour Operator,AJROB SIARGAO TRAVEL & TOURS SERVICES,"General Luna, Surigao del Norte",9667495022,ajrobtravelandtoursiargao@gmail.com,DOT-R13-TOP-00583-2023,30-Jun-26,
11,Tour Operator,Arman-Holmes Travel and Tours,"General Luna, Surigao del Norte",9070902469,rheaaug87@gmail.com,DOT-R13-TOP-00513-2023,30-Jun-26,7-Jan-00
12,Tour Operator,JUANDERFUL IAO TOUR SERVICES,"Poblacion V, General Luna, Surigao Del Norte",9064641617,janlinguaje73@gmail.com,DOT-R13-TOP-01390-2025,30-Jun-26,
,,,,,,,,
1,Tour Guide [Community Guide],MILYN A. PATINGA,"Barangay 3, General Luna, Surigao del Norte",9109017249,mpatinga@gmail.com,DOT-R13-TGD-00889-2024,30-Jun-26,New
2,Tour Guide [Community Guide],DANTE CRISOLOGO GAñA,"Poblacion 5, General Luna, Surigao del Norte",9095837081,dante.gana0@gmail.com,DOT-R13-TGD-00900-2024,30-Jun-26,New
3,Tour Guide [Community Guide],JANO ESPADERO MAGALUNA,"Daku, General Luna, Surigao del Norte",9958171174,jmagaluna23@gmail.com,DOT-R13-TGD-00913-2024,30-Jun-26,New
4,Tour Guide [Community Guide],MARIA NIEVES CONVICTO GARCIA,"Poblacion I, General Luna, Surigao del Norte",9280641789,garciamn1970@gmail.com,DOT-R13-TGD-00931-2024,30-Jun-26,New
5,Tour Guide [Community Guide],ARCHIE BAGASBAS ANTIPASADO,"General Luna, Surigao del Norte",9563106397,archieantipasado27@gmail.com,DOT-R13-TGD-00932-2024,30-Jun-26,New
6,Tour Guide [Community Guide],ROLLY ESCOBAL ANTIPASADO,"General Luna, Surigao del Norte",9260442740,siargaotourspackage2022@gmail.com,DOT-R13-TGD-00933-2024,30-Jun-26,New
7,Tour Guide [Community Guide],KIMBERLY GUTIERREZ FORCADILLA,"General Luna, Surigao del Norte",9958533078,forcadillakimberly@gmail.com,DOT-R13-TGD-00935-2024,30-Jun-26,New
8,Tour Guide [Community Guide],JOHN PAULO ESCOSURA GUTIERREZ,"General Luna, Surigao del Norte",9283686619,opaugutierrez@gmail.com,DOT-R13-TGD-00936-2024,30-Jun-26,New
9,Tour Guide [Community Guide],ALVIN ANGOB TICOD,"General Luna, Surigao del Norte",9672257109,alvinticod1@gmail.com,DOT-R13-TGD-00938-2024,30-Jun-26,New
10,Tour Guide [Community Guide],BENEDICT FORCADILLA LEOVIT,"General Luna, Surigao del Norte",9063801643,benedictleovit@gmail.com,DOT-R13-TGD-00939-2024,30-Jun-26,New
11,Tour Guide [Community Guide],JOCEL BLANCADA FORCADILLA,"General Luna, Surigao del Norte",9465884600,jocelforcadilla@gmail.com,DOT-R13-TGD-00940-2024,30-Jun-26,New
12,Tour Guide [Community Guide],LUDY NOGUERRA PLAZA,"General Luna, Surigao del Norte",9667668552,emangsplaza1980@gmail.com,DOT-R13-TGD-00941-2024,30-Jun-26,New
13,Tour Guide [Community Guide],MACKENLEY GORILLO GONZAGA,"General Luna, Surigao del Norte",9453222264,gonzagamackenley023@gmail.com,DOT-R13-TGD-00943-2024,30-Jun-26,New
14,Tour Guide [Community Guide],ELITO JR. ELIOT REYES,"General Luna, Surigao del Norte",9473454704,elitoreyes21@gmail.com,DOT-R13-TGD-00950-2024,30-Jun-26,New
15,Tour Guide [Community Guide],RAZEL ESPADERO RAMIREZ,"General Luna, Surigao del Norte",9053913918,ramirezrazel036@gmail.com,DOT-R13-TGD-00959-2024,30-Jun-26,New
16,Tour Guide [Community Guide],ARNOLD ESPIJON ORIENDO,"General Luna, Surigao del Norte",9669021545,arnoldoriendo19@gmail.com,DOT-R13-TGD-00963-2024,30-Jun-26,New
17,Tour Guide [Community Guide],CHERYL R. CRUIZ,"General Luna, Surigao del Norte",0950 544 8799,cherylcruiz27@gmail.com,DOT-R13-TGD-00965-2024,30-Jun-26,New
18,Tour Guide [Community Guide],KARIM CAGAS PEROCHO,"La Januza, General Luna, Surigao del Norte",9324179924,perochokarim@gmail.com,DOT-R13-TGD-00969-2024,30-Jun-26,New
19,Tour Guide [Community Guide],RICKY MONTON COMETA,"Poblacion I, General Luna, Surigao del Norte",9055649894,rickycometa2@gmail.com,DOT-R13-TGD-00973-2024,30-Jun-26,New
20,Tour Guide [Community Guide],LIMUEL NUÑES MIBULOS,"Poblacion I, General Luna, Surigao del Norte",9813450793,limuelmibulos89@gmail.com,DOT-R13-TGD-00977-2024,30-Jun-26,New
21,Tour Guide [Community Guide],GENALYN ARGENTE FORCADILLA,"Poblacion V, General Luna, Surigao del Norte",9154732216,genalynforcadilla@gmail.com,DOT-R13-TGD-00990-2024,30-Jun-26,New
22,Tour Guide [Community Guide],MARY ANN MAGALUNA COMETA,"Daku, General Luna, Surigao del Norte",9475774477,junzonmarkgonzaga@gmail.com,DOT-R13-TGD-00991-2024,30-Jun-26,New
23,Tour Guide [Community Guide],RUBEN ELLAZO RAPANAN,"General Luna, Surigao del Norte",9488871386,ronariza091991@gmail.com,DOT-R13-TGD-01000-2024,30-Jun-26,New
24,Tour Guide [Community Guide],MARY REYCEL JANE ESPENIDO PEROCHO,"Suyangan, General Luna, Surigao del Norte",9276719638,perochojane209@gmail.com,DOT-R13-TGD-01040-2024,30-Jun-26,New
25,Tour Guide [Community Guide],IAN NICK CAUMPAY ESCALERA,"POBLACION 1, GENERAL LUNA, SURIGAO DEL NORTE",9267524194,escaleraiannick8@gmail.com,DOT-R13-TGD-01048-2024,30-Jun-26,New
26,Tour Guide [Community Guide],Analy Pobe Golandrina,"Poblacion V, General Luna, Surigao del Norte",9276704736,analygolandrina5@gmail.com,DOT-R13-TGD-01090-2024,30-Jun-26,Renewal
27,Tour Guide [Community Guide],LOUNEL FORCADILLA ESCOSURA,"General Luna, Surigao del Norte",9955661622,lounel316@gmail.com,DOT-R13-TGD-01098-2024,30-Jun-26,New
28,Tour Guide [Community Guide],ARCHIE SULAPAS MECATE,"General Luna, Surigao del Norte",9565674943,mecatearchie@gmail.com,DOT-R13-TGD-00434-2023,30-Jun-26,Renewal
29,Tour Guide [Community Guide],MAYLIN SALGADO CONTE,"General Luna, Surigao del Norte",9078083965,maylinconte1985@gmail.com,DOT-R13-TGD-00435-2023,30-Jun-26,Renewal
30,Tour Guide [Community Guide],APRIL ANNE N/A MANTILLA,"General Luna, Surigao del Norte",9452801769,arielvillacora19@gmail.com,DOT-R13-TGD-00857-2024,30-Jun-26,Renewal
31,Tour Guide [Community Guide],NIñO NUñEZ MIBULOS,"General Luna, Surigao del Norte",9514588878,mibulos16nino@icloud.com,DOT-R13-TGD-01160-2024,30-Jun-26,New
32,Tour Guide [Community Guide],JANSEN SOLLOSO RICAFRENTE,"General Luna, Surigao del Norte",9062215796,jansen.solloso@icloud.com,DOT-R13-TGD-01204-2024,30-Jun-26,New
33,Tour Guide [Community Guide],JEMELYN FORCADILLA ESPEJON,"General Luna, Surigao del Norte",9816020213,espejonjemelyn671@gmail.com,DOT-R13-TGD-00430-2023,30-Jun-26,31-Dec-99
34,Tour Guide [Community Guide],Amado Escosura Gutierrez III,"General Luna, Surigao del Norte",0915051 9811,gutierrezamado123593@gmail.com,DOT-R13-TGD-01260-2025,30-Jun-26,31-Dec-99
35,Tour Guide [Community Guide],Jeff Magaluna Reyes,"General Luna, Surigao del Norte",9957400495,jeepongwho0@gmail.com,DOT-R13-TGD-01295-2025,30-Jun-26,31-Dec-99
36,Tour Guide [Community Guide],Mark Ivan Espadero Reyes,"General Luna, Surigao del Norte",9661784091,markivanreyes0@gmail.com,DOT-R13-TGD-01294-2025,30-Jun-26,31-Dec-99
37,Tour Guide [Community Guide],EDWIN ESPEJON ALCALA,"General Luna, Surigao del Norte",9505592773,ed5160143@gmail.com,DOT-R13-TGD-01328-2025,30-Jun-27,31-Dec-99
38,Tour Guide [Community Guide],ALGIE REY LOMONDOT PIRANTE,"General Luna, Surigao del Norte",9958326992,algiepirante@gmail.com,DOT-R13-TGD-01344-2025,30-Jun-27,
39,Tour Guide [Community Guide],FRANCIS JOHN FORCADILLA OLIVAN,"La Januza, General Luna, Surigao del Norte",9194906900,lhikeolivan188@gmail.com,DOT-R13-TGD-01347-2025,30-Jun-27,1
40,Tour Guide [Community Guide],KEVIN FERNANDEZ MAZON,"General Luna, Surigao del Norte",9770044069,kevinmazon38@gmail.com,DOT-R13-TGD-01346-2025,30-Jun-27,1
41,Tour Guide [Community Guide],MARYZZ MALAZA PADA,"General Luna, Surigao del Norte",9454456814,Maryzzpada204@gmail.com,DOT-R13-TGD-01348-2025,30-Jun-27,
42,Tour Guide [Community Guide],JIMMY ELTAGONDE UGALDE,"General Luna, Surigao del Norte",9389192663,ugaldejimmy01@gmail.com,DOT-R13-TGD-01349-2025,30-Jun-27,
43,Tour Guide [Community Guide],JOY BANTUGAN DACLAN,"General Luna, Surigao del Norte",9659173860,joyhugodaclan@gmail.com,DOT-R13-TGD-01350-2025,30-Jun-27,
44,Tour Guide [Community Guide],JENNY ESPALDON TESIORNA,"General Luna, Surigao del Norte",9107851555,jennyespaldontesiorna@gmail.com,DOT-R13-TGD-01360-2025,30-Jun-27,
45,Tour Guide [Community Guide],ARIANO LARA ESPADERO,"General Luna, Surigao del Norte",9859121134,arianoespadero@gmail.com,DOT-R13-TGD-01362-2025,30-Jun-27,
46,Tour Guide [Community Guide],CHESTER GLENN BOTICARIO GONZAGA,"General Luna, Surigao del Norte",9564651741,chezanity0430@gmail.com,DOT-R13-TGD-01371-2025,30-Jun-27,
47,Tour Guide [Community Guide],CLIFFORD REMULTA AUGUSTO,"Daku, General Luna, Surigao del Norte",9958163327,augustoclifford22@gmail.com,DOT-R13-TGD-01372-2025,30-Jun-27,
48,Tour Guide [Community Guide],JESUSETTE OLIVAN TRUGELLO,"General Luna, Surigao del Norte",9614539339,jesusettetrugello072@gmail.com,DOT-R13-TGD-01373-2025,30-Jun-27,
49,Tour Guide [Community Guide],MARIA CRISTINA DULGUIME EBIDAG,"General Luna, Surigao del Norte",9154727431,ebidagmariacristina@gmail.com,DOT-R13-TGD-01379-2025,30-Jun-27,
50,Tour Guide [Community Guide],EDWARD ALLAN MERANO PLATIL,"Malinao, General Luna, Surigao del Norte",9567794026,yusuflitalp2017@gmail.com,DOT-R13-TGD-01382-2025,30-Jun-27,
,,,,,,,,
1,Restaurant,Lunares Cafe,"General Luna, Surigao del Norte",9369792384,themoonpablo@gmail.com,DOT-R13-RST-00373-2023,9-Mar-25,Renewal
2,Restaurant,COASTAL GROUNDS COFFEE HOUSE INC.,"General Luna, Surigao del Norte",9188620088,coastalgroundscoffee@gmail.com,DOT-R13-RST-00877-2024,26-Apr-2025,New
3,Restaurant,THE HUB BY LOKAL LAB,"Brgy 2, General Luna, Surigao del Norte",9173117862,experience@lokallab.org,DOT-R13-RST-00295-2022,06-May-2025,Renewal
4,Restaurant,BARBOSA FOOD AND BEVERAGE HOUSE,"Brgy. 5, General Luna Surigao del Norte",9771224605,Barbosa.siargao@gmail.com,DOT-R13-RST-01259-2025,03-March-2026,8
5,Restaurant,WILD RESTAURANT,"Catangnan, General Luna, Surigao del Norte",9859694147,siargaowildoffice@gmail.com,DOT-R13-RST-01307-2025,"March 25, 2026",22
6,Restaurant,TWO BROWN BOYS INC.,"Brgy. 5, General Luna Surigao del Norte",9542374753,twobrownb@gmail.com,DOT-R13-RST-01329-2025,"April 30, 2026",17
7,Restaurant,COASTAL GROUNDS COFFEE HOUSE INC.,"General Luna, Surigao del Norte",9188620088,coastalgroundscoffee@gmail.com,DOT-R13-RST-00877-2024,13-May-2026,6
,,,,,,,,
1,Tourist Land Transport Operator,SIARGAO TRANSPORT SERVICE COOPERATIVE,"Purok IV, General Luna, Surigao del Norte",9101695794,siargaotransportcoop@gmail.com,DOT-R13-TTO-00895-2024,30-April-26,New
,,,,,,,,
1,Tourist Water Transport Operator (Recreational Boat),UNLTD. SIARGAO,"Old Tourism Rd., General Luna, Surigao del Norte",9190669328,mbcasiargao@unltdtravel.com,DOT-R13-TWT-01291-2025,10/31/2026,4
,,,,,,,,
,DAPA,,,,,,,
1,Mabuhay Accommodation,MPIRE RESORT,"Brgy. Corregidor, Casulian Island, Dapa, Surigao del Norte",9178752751,mpireresortsiargao@gmail.com,DOT-R13-MAB-01326-2025,31-Oct-26,16
,,,,,,,,
1,Homestay,La'Liza House Rental,"Dapa, Surigao del Norte",9657466691,liza.domagtoy001@deped.gov.ph,DOT-R13-HMY-00488-2023,31-Oct-26,Renewal
,,,,,,,,
1,Tour Guide [Community Guide],Pinky Gato,"Bagakay, Dapa, Surigao del Norte",9305147645,gatopinky762@gmail.com,DOT-R13-TGD-00912-2024,30-Jun-26,New
2,Tour Guide [Community Guide],FRANCIS CUBILLAN PURO,"Brgy. 13, Pob., Dapa, Surigao del Norte",9855774527,purof554@gmail.com,DOT-R13-TGD-00914-2024,30-Jun-26,New
3,Tour Guide [Community Guide],JESSA GERARCAS UROT,"Union, Dapa, Surigao del Norte",9958318151,urotjessa8@gmail.com,DOT-R13-TGD-00916-2024,30-Jun-26,New
4,Tour Guide [Community Guide],RODILLA RAPINAN DE LA TORRE,"Union, Dapa, Surigao del Norte",935678694,emilydelatorre95@gmail.com,DOT-R13-TGD-00917-2024,30-Jun-26,New
5,Tour Guide [Community Guide],JONALYN RAZONA CONSIGNA,"Bagakay, Dapa, Surigao del Norte",9776896051,lynranzin@gmail.com,DOT-R13-TGD-00924-2024,30-Jun-26,New
6,Tour Guide [Community Guide],ERMELITO GONZALES CARIAGA,"Corregidor, Dapa, Surigao del Norte",9857977124,erlmarjzcariaga@gmail.com,DOT-R13-TGD-00926-2024,30-Jun-26,New
7,Tour Guide [Community Guide],BERNIE GERARCAS CONTE,"Dapa, Surigao del Norte",9857977124,neneconte01@gmail.com,DOT-R13-TGD-00929-2024,30-Jun-26,New
8,Tour Guide [Community Guide],DIOGENES PONCE TULIPAS,"Dapa, Surigao del Norte",9279719901,diogenestulipas@gmail.com,DOT-R13-TGD-00930-2024,30-Jun-26,New
9,Tour Guide [Community Guide],LISLIE DORMIENDO CONCILLES,"Dapa, Surigao del Norte",9467120251,lislieconcilles@gmail.com,DOT-R13-TGD-00947-2024,30-Jun-26,New
10,Tour Guide [Community Guide],JESTONI SOLANA BUO,"Corregidor, Dapa, Surigao del Norte",9703970908,kimlarry239@gmail.com,DOT-R13-TGD-00953-2024,30-Jun-26,New
11,Tour Guide [Community Guide],NENITO SULIMA ALCERO,"Dapa, Surigao del Norte",959697950,nenitoalcero@gmail.com,DOT-R13-TGD-00997-2024,30-Jun-26,New
12,Tour Guide [Community Guide],CHARLITO COPINA RUAYA,"Corregidor, Dapa, Surigao del Norte",9465695716,charlitoruaya@gmail.com,DOT-R13-TGD-01028-2024,30-Jun-26,New
13,,,,,,,,
14,,,,,,,,
15,,,,,,,,
,,,,,,,,
1,Tour Guide [Regional Guide],CHERYL VALLECER BANTILAN,"Dapa, Surigao del Norte",09487446938/09153811496,cherylvallecerbantilan@gmail.com,DOT-R13-TGD-00270-2022,30-Jun-27,1
,,,,,,,,
1,Tourism Recreation Center,CANIJUGAN PEAK RETREAT AND CAMPING SITE RENTAL,"Dapa, Surigao del Norte",9177106636,canijuganpeak@gmail.com,DOT-R13-SRC-00296-2022,27-Dec-24,Renewal
,,,,,,,,
1,Tourism Trainer,Cheryl Vallecer Bantilan,"Dapa, Surigao del Norte",9153811496,cherylvallecerbantilan@gmail.com,DOT-R13-TRN-00344-2023,Jan-2-26,Renewal
,,,,,,,,
,STA. MONICA,,,,,,,
1,Mabuhay Accommodation,Darosa Del Mar Beach Resort,"Brgy. Alegria, Sta. Monica, Surigao del Norte",0966-456-9228,darosasiargao@gmail.com,DOT-R13-MAB-00267-2022,31-Oct-26,Renewal
,,,,,,,,
1,Homestay,MASAYAY HOMESTAY,"Santa Monica, Surigao del Norte",9151219846,leemarkescobal@gmail.com,DOT-R13-HMY-01320-2025,31-Oct-26,1-Jan-00
,,,,,,,,
,BURGOS,,,,,,,
1,Tour Guide [Community Guide],ROY PATINTIS ONG,"Burgos, Surigao del Norte",9097095283,royong1975@gmail.com,DOT-R13-TGD-00415-2023,30-Jun-26,Renewal
2,Tour Guide [Community Guide],ALFREDO BACHANICHA GOñA,"Burgos, Surigao del Norte",9811027511,alfredogona1971@gmail.com,DOT-R13-TGD-00423-2023,Jun-30-26,Renewal
3,Tour Guide [Community Guide],RICKY NOGALIZA PELIGRO,"Burgos, Surigao del Norte",9664227587,rickypeligro1980@gmail.com,DOT-R13-TGD-00413-2023,Jun-30-26,Renewal
4,Tour Guide [Community Guide],RICHARD VIRTUDAZO POMOY,"Burgos, Surigao del Norte",9564787303,richardpomoy1976@gmail.com,DOT-R13-TGD-00414-2023,Jun-30-26,Renewal
5,Tour Guide [Community Guide],JOEL MENDOZA CARIAGA,"Burgos, Surigao del Norte",9456678780,joelcariaga1992@gmail.com,DOT-R13-TGD-00416-2023,Jun-30-26,Renewal
6,Tour Guide [Community Guide],RAUL NOGALIZA CURSAT,"Burgos, Surigao del Norte",9811040221,rarapayot@gmail.com,DOT-R13-TGD-00436-2023,Jun-30-26,Renewal
7,Tour Guide [Community Guide],Reynan Bobila Golandrina,"Burgos, Surigao del Norte",9150521174,golandrinareynan@gmail.com,DOT-R13-TGD-00470-2023,Jun-30-26,Renewal
8,Tour Guide [Community Guide],EDWIN LYSON ONG,"Burgos, Surigao del Norte",9096163657,edwinong47@gmail.com,DOT-R13-TGD-00424-2023,Jun-30-26,31-Dec-99
9,Tour Guide [Community Guide],ANASTACIO MALINAO ESPAñOLA,"Burgos, Surigao del Norte",9054123537,macaldoangielie@gmail.com,DOT-R13-TGD-00493-2023,Jun-30-27,31-Dec-99
10,Tour Guide [Community Guide],EMELITO DUMANJOG CORDITA,"Burgos, Surigao del Norte",9277072576,emelitocordita87@gmail.com,DOT-R13-TGD-01340-2025,30-Jun-27,
,,,,,,,,
,SOCORRO,,,,,,,
1,Mabuhay Accommodation,TAFIMCO- LAGOON TIKTIKAN & SOHOTON GAMAY RESORT ,"San Roque, Socorro, Surigao del Norte",9308727757,tafimco.headoffice@gmail.com,DOT-R13-MAB-00560-2023,31-Oct-26,5
2,Mabuhay Accommodation,SOHOTON NAKIAUIT RESORT,"San Roque, Socorro, Surigao del Norte",9985415547,dante.platilla@yahoo.com,DOT-R13-MAB-00559-2023,31-Oct-26,11
2,Mabuhay Accommodation,BALANGHAI TARA SOHOTON BEACH RESORTS INC,"Socorro, Surigao del Norte",9058806879,clubtara_rsvn@hotmail.com,DOT-R13-MAB-00088-2021,31-Oct-26,
,,,,,,,,
1,Tour Operator,Siarescapade Package Tour Services,"Taruc, Socorro, Surigao del Norte",9091101237,hyrensipabul3@gmail.com,DOT-R13-TOP-00557-2023,30-Jun-26,Renewal
2,Tour Operator,SIARGAO-ISLAND TRAVEL & TOURS,"Taruc, Socorro, Surigao del Norte",9196476677,glennmarkatwork@gmail.com,DOT-R13-TOP-00558-2023,30-Jun-26,Renewal
3,Tour Operator,Ate-Jo's Travel and Tours,"Navarro, Socorro, Surigao del Norte",9667204577,noelcarduza23@gmail.com,DOT-R13-TOP-00554-2023,30-Jun-26,Renewal
4,Tour Operator,Oliver Grande Tours,"Sudlon, Socorro, Surigao del Norte",9262948116,oliverbarinday@gmail.com,DOT-R13-TOP-00556-2023,30-Jun-26,Renewal
5,Tour Operator,AJA SIARGAO TRAVEL AND TOURS,"Taruc, Socorro, Surigao del Norte",9676594305,dizongleessiereyna@gmail.com,DOT-R13-TOP-00954-2024,30-Jun-26,Renewal
6,Tour Operator,SOHOTON COVE PH TRAVEL AND TOURS,"Rizal, Socorro, Surigao del Norte",9487656862,sohotoncoveph@gmail.com,DOT-R13-TOP-00564-2023,30-Jun-26,Renewal
7,Tour Operator,SOHOTON NAKIAUIT TRAVEL & TOURS,"Navarro, Socorro, Surigao del Norte",9985415547,dante.platilla@yahoo.com,DOT-R13-TOP-00979-2024,30-Jun-26,New
8,Tour Operator,SOHOTONCOVE TRAVEL AND TOURS,"Navarro, Socorro, Surigao del Norte",9811083336,ginahumaylab679@gmail.com,DOT-R13-TOP-00980-2024,30-Jun-26,New
9,Tour Operator,TAFIMCO-TRAVEL AND TOUR,"Burgos St. Brgy. Albino Taruc, Socorro, Surigao Del Norte",09308727757 / 09121617833,shydigal123@gmail.com,DOT-R13-TOP-01111-2024,30-Jun-26,New
10,Tour Operator,JOHNCARLSON TRAVEL & TOURS,"Taruc, Socorro, Surigao del Norte",9265545465,myrna.humaylab001@gmail.com,DOT-R13-TOP-00555-2023,30-Jun-26,18
,,,,,,,,
,,,,,,,,
1,Tour Guide [Community Guide],JAY-R JUANITE DAPAR,"San Roque, Socorro, Surigao del Norte",9122664385,daparjayr23@gmail.com,DOT-R13-TGD-00927-2024,30-Jun-26,New
2,Tour Guide [Community Guide],REMBRAN RUDILA LLANO,"Rizal, Socorro, Surigao del Norte",9359905930,remzllano777@gmail.com,DOT-R13-TGD-00948-2024,30-Jun-26,New
3,Tour Guide [Community Guide],CHUCKIE SANICO HUMAYLAB,"Navarro, Socorro, Surigao del Norte",9100162607,chuckiehumaylab01@gmail.com,DOT-R13-TGD-00951-2024,30-Jun-26,New
4,Tour Guide [Community Guide],JUNELA GONZALES JAVIER,"Nueva Estrella, Socorro, Surigao del Norte",9103211362,junelajavier2@gmail.com,DOT-R13-TGD-00961-2024,30-Jun-26,New
5,Tour Guide [Community Guide],JUNGIE LAUGO GULTIANO,"Sudlon, Socorro, Surigao del Norte",9858896954,jungiegultiano@gmail.com,DOT-R13-TGD-00962-2024,30-Jun-26,New
6,Tour Guide [Community Guide],GINO DIZON GUMA,"Albino Taruc, Surigao del Norte",9383256996,ginoguma488@gmail.com,DOT-R13-TGD-00964-2024,30-Jun-26,New
7,Tour Guide [Community Guide],BRAKES VENZEN DIZON GUMA,"Rizal, Socorro, Surigao del Norte",9859691451,brakesguma143@gmail.com,DOT-R13-TGD-00967-2024,30-Jun-26,New
8,Tour Guide [Community Guide],RICKY CONSIGNA JUSTOL,"Navarro, Socorro, Surigao del Norte",9057193679,rickyjustol1978@gmail.com,DOT-R13-TGD-00970-2024,30-Jun-26,New
9,Tour Guide [Community Guide],JEAN DAVE SANICO JUANITE,"Albino Taruc, Socorro,  Surigao del Norte",9092849489,seaniajuanite@gmail.com,DOT-R13-TGD-00972-2024,30-Jun-26,New
10,Tour Guide [Community Guide],JUNEWARREN CRUIZ BORDAS,"Navarro, Socorro, Surigao del Norte",9103977171,bongbordas@gmail.com,DOT-R13-TGD-00974-2024,30-Jun-26,New
11,Tour Guide [Community Guide],JANAIDA ROSE DIZON LABE,"Sering, Socorro, Surigao del Norte",9758304318,janaidalabe@gmail.com,DOT-R13-TGD-00975-2024,30-Jun-26,New
12,Tour Guide [Community Guide],CHULO BOHOL CONSIGNA,"Rizal, Socorro, Surigao del Norte",9469286694,chuloconsigna3@gmail.com,DOT-R13-TGD-00976-2024,30-Jun-26,New
13,Tour Guide [Community Guide],JOHN CARLSON SANICO HUMAYLAB,"Albino Taruc, Socorro,  Surigao del Norte",9476184679,humaylabjohncarlson@gmail.com,DOT-R13-TGD-00978-2024,30-Jun-26,New
14,Tour Guide [Community Guide],MARK VIRGIL SANGCO GELSANO,"Socorro, Surigao del Norte",9815042930,markgelsano@gmail.com,DOT-R13-TGD-00996-2024,30-Jun-26,New
15,Tour Guide [Community Guide],NOEL LLANO CARDUZA,"Navarro, Socorro, Surigao del Norte",9667204577,noelcarduza1@gmail.com,DOT-R13-TGD-01006-2024,30-Jun-26,New
16,Tour Guide [Community Guide],CHRISTOPHER LOZADA TARO,"Albino Taruc, Socorro,  Surigao del Norte",9101708140,tarochristopherlozada@gmail.com,DOT-R13-TGD-01023-2024,30-Jun-26,New
17,Tour Guide [Community Guide],KHEN IVAN CAINDOY BORDAS,"Brgy. Rizal, Socorro, Surigao del Norte",9672570937,gyungz18@gmail.com,DOT-R13-TGD-01213-2025,30-Jun-27,New
18,Tour Guide [Community Guide],JHOREL DELA PEñA DAPAR,"Albino Taruc, Socorro,  Surigao del Norte",9302502824,daparjhorel@gmail.com,DOT-R13-TGD-01229-2025,30-Jun-27,1
19,Tour Guide [Community Guide],CHAMPAGNE JUANITE PLATILLA,"Juanite, Socorro, Surigao del Norte",9461852240,platillac@gmail.com,DOT-R13-TGD-01237-2025,30-Jun-27,1
20,Tour Guide [Community Guide],MAYSHARIZ LABE ADLAO,"Socorro, Surigao del Norte",9067087631,adlaomayshariz@gmail.com,DOT-R13-TGD-01343-2025,30-Jun-27,1
,,,,,,,,
,SAN ISIDRO,,,,,,,
1,Mabuhay Accommodation,TROGON'S PERCH RESORT,"Pacifico, San Isidro, Surigao del Norte",639151228619,trogonsperchsiargao@gmail.com,DOT-R13-MAB-00993-2024,31- Oct-2026,Renewal
2,Mabuhay Accommodation,YAPAK BEACH VILLAS,"Pacifico, San Isidro, Surigao del Norte",9056071452,anacelbuenaflorbual@gmail.com,DOT-R13-MAB-00862-2024,31- Oct-2026,Renewal
,,,,,,,,
1,Homestay,JMN Sailfish Bay Surf & Big Game Fishing Lodge,"Pacifico, San Isidro, Surigao del Norte",9159733517,mark.latham@yahoo.co.uk,DOT-R13-HMY-00576-2023,31- Oct-2026,Renewal
2,Homestay,La Freyah's Homestay,"Del Carmen, San Isidro, Surigao del Norte",9171282867,malynbert.sanisidro@gmail.com,DOT-R13-HMY-00577-2023,31- Oct-2026,
,,,,,,,,
1,Tour Guide [Community Guide],RENEBOY SARAGOZA DE JESUS,"San Isidro, Surigao del Norte",9667051306,dejesusreneboy@gmail.com,DOT-R13-TGD-01122-2024,30-Jun-26,Renewal
2,Tour Guide [Community Guide],BERNARD BROSOLA COMILLAS,"San Isidro, Surigao del Norte",9658350194,comillasbernard25@gmail.com,DOT-R13-TGD-01152-2024,30-Jun-26,New
,,,,,,,,
1,Tourist Land Transport Operator,Lovely Century Corporation,"Purok 3, Macapagal, San Isidro",9279589942,lccorp.20@yahoo.com,DOT-R13-TTO-01321-2025,30- Apr-2026,10
,,,,,,,,
,DEL CARMEN,,,,,,,
1,Travel and Tour Agency,Ocean Cove Travel and Tours,"Brgy. Esperanza, Del Carmen, Surigao del Norte",9173022693,waytam07@yahoo.com.ph,DOT-R13-TTA-00315-2022,30-Jun-26,Renewal
,,,,,,,,
1,Tour Guide [Community Guide],Jems Clark Plaza Simena,"Del Carmen, Del Carmen, Surigao del Norte",9302295902,simenajemsclark@gmail.com,DOT-R13-TGD-01058-2024,30-Jun-26,Renewal
2,Tour Guide [Community Guide],YOLANDA VESTRA TIU,"Del Carmen, Del Carmen, Surigao del Norte",9302098397,yastiu@gmail.com,DOT-R13-TGD-01359-2025,30-Jun-27,
3,Tour Guide [Community Guide],PIORIE GRACE OLIVA LARGADAS,"Brgy. Jamoyaon, Del Carmen, Surigao del Norte",9460686783,largadasp0828@gmail.com,DOT-R13-TGD-01378-2025,30-Jun-27,
,,,,,,,,
,PILAR,,,,,,,
1,Homestay,NOGS Homestay,"Pilaring, Pilar, Surigao del Norte",9084131966,markee.siargao@gmail.com,DOT-R13-HMY-01222-2025,31-Oct-26,2
,,,,,,,,
1,Tour Guide [Community Guide],RUTH VILLASAN COñADO,"Pilar, Surigao del Norte",9052752990,ruthconado23@gmail.com,DOT-R13-TGD-00399-2023,30-Jun-26,Renewal
2,Tour Guide [Community Guide],JOAN BESERE MURILLO,"Pilar, Surigao del Norte",9669025884,murillojoan204@gmail.com,DOT-R13-TGD-00390-2023,30-Jun-26,Renewal
3,Tour Guide [Community Guide],RUSEL TESIORNA PACAñOR,"Pilar, Surigao del Norte",9260420209,roselpacanor31@gmail.com,DOT-R13-TGD-00405-2023,30-Jun-26,Renewal
4,Tour Guide [Community Guide],DIEMARK DORIA SULAPAS,"Pilar, Surigao del Norte",9659128097,diemarksulapas@gmail.com,DOT-R13-TGD-00393-2023,30-Jun-26,Renewal
5,Tour Guide [Community Guide],CARYL JANE ARMAN COñADO,"Pilar, Surigao del Norte",9457209011,carylconado@gmail.com,DOT-R13-TGD-00492-2023,30-Jun-26,Renewal
6,Tour Guide [Community Guide],PILIPINA ARMAN COÑADO,"Pilar, Surigao del Norte",9162008005,pilipinaconado@gmail.com,DOT-R13-TGD-01025-2024,30-Jun-26,Renewal
7,Tour Guide [Community Guide],WINDELBERT ESPINOSA GOLGAT,"Pilar, Surigao del Norte",9656638743,windelbertgolgat@gmail.com,DOT-R13-TGD-00404-2023,30-Jun-26,Renewal
8,Tour Guide [Community Guide],RENITA CONSIGNA SANICO,"Pilar, Surigao del Norte",9154146955,TanTanSanico1988@gmail.com,DOT-R13-TGD-00403-2023,30-Jun-26,Renewal
9,Tour Guide [Community Guide],GRACE CONSIGNA ARGENTE,"Pilar, Surigao del Norte",9278891865,graceargente4@gmail.com,DOT-R13-TGD-00408-2023,30-Jun-26,Renewal
10,Tour Guide [Community Guide],JULE ANN ENOJALDO RESANDO,"Pilar, Surigao del Norte",9155100352,noelresando69@gmail.com,DOT-R13-TGD-01020-2024,30-Jun-26,Renewal
11,Tour Guide [Community Guide],LUWELA NOGUERRAZA GOLANDRINA,"Pilar, Surigao del Norte",9057848728,luwelagolandrina@gmail.com,DOT-R13-TGD-00400-2023,30-Jun-26,Renewal
12,Tour Guide [Community Guide],SUSANIE ELLAMADA ARGENTE,"Pilar, Surigao del Norte",9064665266,susanieargente370@gmail.com,DOT-R13-TGD-00409-2023,30-Jun-26,Renewal
13,Tour Guide [Community Guide],SHIELA-MIE ESPINO DENOY,"Pilar, Surigao del Norte",639958190532,shielamiedenoy031@gmail.com,DOT-R13-TGD-00396-2023,30-Jun-26,Renewal
14,Tour Guide [Community Guide],CLARENCIO CONSIGNA COñADO,"Pilar, Surigao del Norte",9563102793,clarencioconado1982@gmail.com,DOT-R13-TGD-00406-2023,30-Jun-26,Renewal
15,Tour Guide [Community Guide],HANELYN VILLABETO GOLANDRINA,"Pilar, Surigao del Norte",9154146955,golandrinahanelyn@gmail.com,DOT-R13-TGD-00411-2023,30-Jun-26,Renewal
16,Tour Guide [Community Guide],WELZANE CORDITA ESPAñOLA,"Pilar, Surigao del Norte",9665383182,espanolawelzane@gmail.com,DOT-R13-TGD-01151-2024,30-Jun-26,New
17,Tour Guide [Community Guide],PIGIE GOLGAT NICOSIA,"Pilar, Surigao del Norte",9063801589,pigienicosia@gmail.com,DOT-R13-TGD-00401-2023,30-Jun-26,Renewal
18,Tour Guide [Community Guide],LOUIE GOLGAT APARENTE,"Pilar, Surigao del Norte",9064659300,louieaparente09@gmail.com,DOT-R13-TGD-00402-2023,30-Jun-26,Renewal
19,Tour Guide [Community Guide],MICSAN GOLANDRINA MAGBANUA,"Pilar, Surigao del Norte",9055662958,jmmagbanua143@gmail.com,DOT-R13-TGD-01235-2025,30-Jun-26,1
20,Tour Guide [Community Guide],JOVELYN CARIAGA GONZALES,"Pilar, Surigao del Norte",9062997501,jovgonzales0815@gmail.com,DOT-R13-TGD-01238-2025,30-Jun-26,1
21,Tour Guide [Community Guide],JEROME SUAREZ MIRANDAY,"Pilar, Surigao del Norte",9958166895,jeromiranday1234@gmail.com,DOT-R13-TGD-01240-2025,30-Jun-26,1
22,Tour Guide [Community Guide],MARIETTO APARENTE SUMALINOG,"Pilar, Surigao del Norte",9669477019,mariettosumalinog059@gmail.com,DOT-R13-TGD-01233-2025,30-Jun-26,1
23,Tour Guide [Community Guide],BERNIE TERAYTAY SANCHEZ,"Pilar, Surigao del Norte",9958557705,sbernie986@gmail.com,DOT-R13-TGD-01247-2025,30-Jun-27,1
24,Tour Guide [Community Guide],ZARDAN ARLAN RUIZ,"Pilar, Surigao del Norte",9564788153,ruizzardan3@gmail.com,DOT-R13-TGD-01250-2025,30-Jun-27,1
25,Tour Guide [Community Guide],VERGEL MIGULLAS SANCHEZ,"Pilar, Surigao del Norte",9958557705,svergel314@gmail.com,DOT-R13-TGD-01251-2025,30-Jun-27,1
26,Tour Guide [Community Guide],GEORGE ESCUYOS MINGUITA,"Pilar, Surigao del Norte",9055659371,7gemsiar8@gmail.com,DOT-R13-TGD-01252-2025,30-Jun-27,1
27,Tour Guide [Community Guide],RENIE ARGENTE ESCATRON,"Pilar, Surigao del Norte",9063443689,escatronrenie19@gmail.com,DOT-R13-TGD-01257-2025,30-Jun-27,1
28,Tour Guide [Community Guide],SANDY SALVALOZA ALIPAYO,"Pilar, Surigao del Norte",9958166707,sandaraalipayo189@gmail.com,DOT-R13-TGD-01263-2025,30-Jun-27,1
29,Tour Guide [Community Guide],RUEL POBE ESPUERTA,"Pilar, Surigao del Norte",9953125736,ruelespuerta25@gmail.com,DOT-R13-TGD-01265-2025,30-Jun-27,1
29,Tour Guide [Community Guide],RONNIE T FORMILLES,"Pilar, Surigao del Norte",9171448265,ronnieformilles@gmail.com,DOT-R13-TGD-01282-2025,30-Jun-27,1
,,,,,,,,
,SURIGAO CITY,,,,,,,
1,Mabuhay Accommodation,Surigao Tourist Inn,"P-7, Navalca, Surigao City",(086) 826-8886 / 0920-474-1131,surigaotouristinn@yahoo.com.ph,DOT-R13-MAB-00063-2021,31-Oct-26,Renewal
2,Mabuhay Accommodation,Annex Hotel,Surigao City,9989531722,annexhoteltavern@gmail.com,DOT-R13-MAB-00336-2023,31-Oct-26,Renewal
3,Mabuhay Accommodation,Le Chard Place Bed and Breakfast,"Km. 4 National Highway, Brgy. Luna, Surigao City",0947-890-8891 / (086) 231-5107,lechardplace@yahoo.com,DOT-R13-MAB-00062-2021,31-Oct-26,Renewal
4,Mabuhay Accommodation,SURIGAO TOURIST INN ANNEX,"P-2 BRGY. SAN JUAN, SURIGAO CITY",9812346081,surigaotouristinnannex@gmail.com,DOT-R13-MAB-00017-2020,31-Oct-26,Renewal
5,Mabuhay Accommodation,Lokal Suites,Surigao City,(086)827-4328/0998-885-6294,lokalsuites@gmail.com,DOT-R13-MAB-00006-2020,31-Oct-26,Renewal
6,Mabuhay Accommodation,CASA DOMINGO DE SURIGAO CORPORATION,"Borromeo St., Brgy. Washington, Surigao City",9122272480,CasaDomingoDeSurigao@gmail.com,DOT-R13-MAB-01166-2024,31-Oct-25,New
7,Mabuhay Accommodation,Miami City Suites Corp.,Surigao City,9988856236,miamicitysuites@yahoo.com,DOT-R13-MAB-00075-2021,31-Oct-26,Renewal
8,Mabuhay Accommodation,THYLANE ROSE HOMESTAY,"San Roque, Surigao City",9455588875,blaizou86@gmail.com,DOT-R13-MAB-01305-2025,31-Oct-25,31-Dec-99
9,Mabuhay Accommodation,MAYANG HOMESTAY,"Sitio Tumanday 1, Brgy. Rizal, Surigao City",9163530419,glendamerka@gmail.com,DOT-R13-MAB-01313-2025,31-Oct-25,1-Jan-00
10,Mabuhay Accommodation,RS YUIPCO DEVELOPMENT CORPORATION,02796 RSY BLDG P. REYES STREET,086 826 8464,bng_yuipco@yahoo.com,DOT-R13-MAB-00026-2020,31-Oct-26,13-Jan-00
,,,,,,,,
1,HOTEL,"PHILIPPINE GATEWAY HOTEL, INC.","Surigao City, Surigao del Norte",9192673781,philgatewaysurigao@yahoo.com.ph,DOT-R13-HTL-00478-2023,31-Oct-26,Renewal
2,HOTEL,Hotel Tavern Surigao,"Surigao City, Surigao del Norte",9189636182,"hoteltavern.dosm@gmail.com
hoteltavern@yahoo.com",DOT-R13-HTL-00030-2020,31-Oct-26,21-Feb-00
,,,,,,,,
1,RESORT,ALMONT BEACH RESORT,"Lipata, Surigao City, Surigao del Norte",9196699499,training.inlandresort@almont.com.ph,DOT-R13-RES-00013-2020,31-Oct-26,Renewal
,,,,,,,,
1,Agri Tourism Farm Site - Farm Stay,JB NATURE FARM & RESORT,"P. 7, Sukailang, Surigao City",9301938864,jbnaturefarmresort@gmail.com,DOT-R13-AGT-00113-2021,29-Sep-25,Renewal
,,,,,,,,
1,Tour Guide [Regional Guide],RICHARD NICK AMORA AMORES,"Surigao City, Surigao del Norte",9489799943,surigaotravelshop@yahoo.com.ph,DOT-R13-TGD-00125-2021,30-Jun-27,
2,Tour Guide [Regional Guide],JOSE KARLO PENARANDA MINGLANA,"Taft, Surigao City, Surigao del Norte",9954455638,leisuresurigao@gmail.com,DOT-R13-TGD-00982-2024,30-Jun-26,Renewal
,,,,,,,,
,,,,,,,,
,,,,,,,,
,,,,,,,,
,,,,,,,,
,,,,,,,,
,,,,,,,,
,,,,,,,,
,,,,,,,,
,,,,,,,,
,,,,,,,,
,,,,,,,,
,,,,,,,,
,,,,,,,,
,,,,,,,,
,,,,,,,,
,,,,,,,,
,,,,,,,,
,,,,,,,,
,,,,,,,,
,,,,,,,,
,,,,,,,,
,,,,,,,,
,,,,,,,,
,,,,,,,,
,,,,,,,,
,,,,,,,,
,,,,,,,,
,,,,,,,,
,,,,,,,,
,,,,,,,,
,,,,,,,,
,,,,,,,,
,,,,,,,,
,,,,,,,,
,,,,,,,,
,,,,,,,,
,,,,,,,,
,,,,,,,,
,,,,,,,,
,,,,,,,,
,,,,,,,,
,,,,,,,,
,,,,,,,,
,,,,,,,,
,,,,,,,,
,,,,,,,,
,,,,,,,,
,,,,,,,,
,,,,,,,,
,,,,,,,,
,,,,,,,,
,,,,,,,,
,,,,,,,,
,,,,,,,,
,,,,,,,,
,,,,,,,,
,,,,,,,,
,,,,,,,,
,,,,,,,,
,,,,,,,,
,,,,,,,,
,,,,,,,,
,,,,,,,,
,,,,,,,,
,,,,,,,,
,,,,,,,,
,,,,,,,,
,,,,,,,,
,,,,,,,,
,,,,,,,,
,,,,,,,,
,,,,,,,,
,,,,,,,,
,,,,,,,,
,,,,,,,,
,,,,,,,,
,,,,,,,,
,,,,,,,,
,,,,,,,,
,,,,,,,,
,,,,,,,,
,,,,,,,,
,,,,,,,,
,,,,,,,,
,,,,,,,,
,,,,,,,,
,,,,,,,,
,,,,,,,,
,,,,,,,,
,,,,,,,,
,,,,,,,,
,,,,,,,,
,,,,,,,,
,,,,,,,,
,,,,,,,,
,,,,,,,,
,,,,,,,,
,,,,,,,,
,,,,,,,,
,,,,,,,,
,,,,,,,,
,,,,,,,,
,,,,,,,,
,,,,,,,,
,,,,,,,,
,,,,,,,,
,,,,,,,,
,,,,,,,,
,,,,,,,,
,,,,,,,,
,,,,,,,,
,,,,,,,,
,,,,,,,,
,,,,,,,,
,,,,,,,,
,,,,,,,,
,,,,,,,,
,,,,,,,,
,,,,,,,,
,,,,,,,,
,,,,,,,,
,,,,,,,,
,,,,,,,,
,,,,,,,,
,,,,,,,,
,,,,,,,,
,,,,,,,,
,,,,,,,,
,,,,,,,,
,,,,,,,,
,,,,,,,,
,,,,,,,,
,,,,,,,,
,,,,,,,,
,,,,,,,,
,,,,,,,,
,,,,,,,,
,,,,,,,,
,,,,,,,,
,,,,,,,,
,,,,,,,,
,,,,,,,,
,,,,,,,,
,,,,,,,,
,,,,,,,,
,,,,,,,,
,,,,,,,,
,,,,,,,,
,,,,,,,,
,,,,,,,,
,,,,,,,,
,,,,,,,,
,,,,,,,,
,,,,,,,,
,,,,,,,,
,,,,,,,,
,,,,,,,,
,,,,,,,,
,,,,,,,,
,,,,,,,,
,,,,,,,,
,,,,,,,,
,,,,,,,,
,,,,,,,,
,,,,,,,,
,,,,,,,,
,,,,,,,,
,,,,,,,,
,,,,,,,,
,,,,,,,,
,,,,,,,,
,,,,,,,,
,,,,,,,,
,,,,,,,,
,,,,,,,,
,,,,,,,,
,,,,,,,,
,,,,,,,,
,,,,,,,,
,,,,,,,,
,,,,,,,,
,,,,,,,,
,,,,,,,,
,,,,,,,,
,,,,,,,,
,,,,,,,,
,,,,,,,,
,,,,,,,,
,,,,,,,,
,,,,,,,,
,,,,,,,,
,,,,,,,,
,,,,,,,,
,,,,,,,,
,,,,,,,,
,,,,,,,,
,,,,,,,,
,,,,,,,,
,,,,,,,,
,,,,,,,,
,,,,,,,,
,,,,,,,,
,,,,,,,,
,,,,,,,,
,,,,,,,,
,,,,,,,,
,,,,,,,,
,,,,,,,,
,,,,,,,,
,,,,,,,,
,,,,,,,,
,,,,,,,,
,,,,,,,,
,,,,,,,,
,,,,,,,,
,,,,,,,,
,,,,,,,,
,,,,,,,,
,,,,,,,,
,,,,,,,,
,,,,,,,,
,,,,,,,,
,,,,,,,,
,,,,,,,,
,,,,,,,,
,,,,,,,,
,,,,,,,,
,,,,,,,,
,,,,,,,,
,,,,,,,,
,,,,,,,,
,,,,,,,,
,,,,,,,,
,,,,,,,,
,,,,,,,,
,,,,,,,,
,,,,,,,,
,,,,,,,,
,,,,,,,,
,,,,,,,,
,,,,,,,,
,,,,,,,,
,,,,,,,,
,,,,,,,,
,,,,,,,,
,,,,,,,,
,,,,,,,,
,,,,,,,,
,,,,,,,,
,,,,,,,,
,,,,,,,,
,,,,,,,,
,,,,,,,,
,,,,,,,,
,,,,,,,,
,,,,,,,,
,,,,,,,,
,,,,,,,,
,,,,,,,,
,,,,,,,,
,,,,,,,,
,,,,,,,,
,,,,,,,,
,,,,,,,,
,,,,,,,,
,,,,,,,,
,,,,,,,,
,,,,,,,,
,,,,,,,,
,,,,,,,,
,,,,,,,,
,,,,,,,,
,,,,,,,,
,,,,,,,,
,,,,,,,,
,,,,,,,,
,,,,,,,,
,,,,,,,,
,,,,,,,,
,,,,,,,,
,,,,,,,,
,,,,,,,,
,,,,,,,,
,,,,,,,,
,,,,,,,,
,,,,,,,,
,,,,,,,,
,,,,,,,,
,,,,,,,,
,,,,,,,,
,,,,,,,,
,,,,,,,,
,,,,,,,,
,,,,,,,,
,,,,,,,,
,,,,,,,,
,,,,,,,,
,,,,,,,,
,,,,,,,,
,,,,,,,,
,,,,,,,,
,,,,,,,,
,,,,,,,,
,,,,,,,,
,,,,,,,,
,,,,,,,,
,,,,,,,,
,,,,,,,,
,,,,,,,,
,,,,,,,,
,,,,,,,,
,,,,,,,,
,,,,,,,,
,,,,,,,,
,,,,,,,,
,,,,,,,,
,,,,,,,,
,,,,,,,,
,,,,,,,,
,,,,,,,,
,,,,,,,,
,,,,,,,,
,,,,,,,,
,,,,,,,,
,,,,,,,,
,,,,,,,,
,,,,,,,,
,,,,,,,,
,,,,,,,,
,,,,,,,,
,,,,,,,,
,,,,,,,,
,,,,,,,,
,,,,,,,,
,,,,,,,,
,,,,,,,,
,,,,,,,,
,,,,,,,,
,,,,,,,,
,,,,,,,,
,,,,,,,,
,,,,,,,,
,,,,,,,,
,,,,,,,,
,,,,,,,,
,,,,,,,,
,,,,,,,,
,,,,,,,,
,,,,,,,,
,,,,,,,,
,,,,,,,,
,,,,,,,,
,,,,,,,,
,,,,,,,,
,,,,,,,,
,,,,,,,,
,,,,,,,,
,,,,,,,,
,,,,,,,,
,,,,,,,,
,,,,,,,,
,,,,,,,,
,,,,,,,,
,,,,,,,,
,,,,,,,,
,,,,,,,,
,,,,,,,,
,,,,,,,,
,,,,,,,,
,,,,,,,,
,,,,,,,,
,,,,,,,,
,,,,,,,,
,,,,,,,,
,,,,,,,,
,,,,,,,,
,,,,,,,,
,,,,,,,,
,,,,,,,,
,,,,,,,,
,,,,,,,,
,,,,,,,,
,,,,,,,,
,,,,,,,,
,,,,,,,,
,,,,,,,,
,,,,,,,,
,,,,,,,,
,,,,,,,,
,,,,,,,,
,,,,,,,,
,,,,,,,,
,,,,,,,,
,,,,,,,,
,,,,,,,,
,,,,,,,,
,,,,,,,,
,,,,,,,,
,,,,,,,,
,,,,,,,,
,,,,,,,,
,,,,,,,,
,,,,,,,,
,,,,,,,,
,,,,,,,,
,,,,,,,,
,,,,,,,,
,,,,,,,,
,,,,,,,,
,,,,,,,,
,,,,,,,,
,,,,,,,,
,,,,,,,,
,,,,,,,,
,,,,,,,,
,,,,,,,,
,,,,,,,,
,,,,,,,,
,,,,,,,,
,,,,,,,,
,,,,,,,,
,,,,,,,,
,,,,,,,,
,,,,,,,,
,,,,,,,,
,,,,,,,,
,,,,,,,,
,,,,,,,,
,,,,,,,,
,,,,,,,,
,,,,,,,,
,,,,,,,,
,,,,,,,,
,,,,,,,,
,,,,,,,,
,,,,,,,,
,,,,,,,,
,,,,,,,,
,,,,,,,,
,,,,,,,,
,,,,,,,,
,,,,,,,,
,,,,,,,,
,,,,,,,,
,,,,,,,,
,,,,,,,,
,,,,,,,,
,,,,,,,,
,,,,,,,,
,,,,,,,,
,,,,,,,,
,,,,,,,,
,,,,,,,,
,,,,,,,,
,,,,,,,,
,,,,,,,,
,,,,,,,,
,,,,,,,,
,,,,,,,,
,,,,,,,,
,,,,,,,,
,,,,,,,,
,,,,,,,,
,,,,,,,,
,,,,,,,,
,,,,,,,,
,,,,,,,,
,,,,,,,,
,,,,,,,,
,,,,,,,,
,,,,,,,,
,,,,,,,,
,,,,,,,,
,,,,,,,,
,,,,,,,,
,,,,,,,,
,,,,,,,,
,,,,,,,,
,,,,,,,,
,,,,,,,,
,,,,,,,,
,,,,,,,,
,,,,,,,,
,,,,,,,,
,,,,,,,,
,,,,,,,,
,,,,,,,,
,,,,,,,,
,,,,,,,,
,,,,,,,,
,,,,,,,,
,,,,,,,,
,,,,,,,,
,,,,,,,,
,,,,,,,,
,,,,,,,,
,,,,,,,,
,,,,,,,,
,,,,,,,,
,,,,,,,,
,,,,,,,,
,,,,,,,,
,,,,,,,,
,,,,,,,,
,,,,,,,,
,,,,,,,,
,,,,,,,,
,,,,,,,,
,,,,,,,,
,,,,,,,,
,,,,,,,,
,,,,,,,,
,,,,,,,,
,,,,,,,,
,,,,,,,,
,,,,,,,,
,,,,,,,,
,,,,,,,,
,,,,,,,,
,,,,,,,,
,,,,,,,,
,,,,,,,,
,,,,,,,,
,,,,,,,,
,,,,,,,,
,,,,,,,,
,,,,,,,,
,,,,,,,,
,,,,,,,,
,,,,,,,,
,,,,,,,,
,,,,,,,,
,,,,,,,,
,,,,,,,,
,,,,,,,,
,,,,,,,,
,,,,,,,,
,,,,,,,,
,,,,,,,,
,,,,,,,,
,,,,,,,,
,,,,,,,,
,,,,,,,,
,,,,,,,,
,,,,,,,,
,,,,,,,,
,,,,,,,,
,,,,,,,,
,,,,,,,,
,,,,,,,,
,,,,,,,,
,,,,,,,,
,,,,,,,,
,,,,,,,,
,,,,,,,,
,,,,,,,,
,,,,,,,,
1,Tour Guide [Community Guide],SONIALYN CALAYCAY ANSALE,"San Juan, Surigao City,Surigao del Norte",9503204649,littlebabbylove@yahoo.com,DOT-R13-TGD-01363-2025,30-Jun-27,
2,Tour Guide [Community Guide],ILDELIZA SILVOSA EDERA,"San Juan, Surigao City,Surigao del Norte",9122022155,leslie.silvosa@yahoo.com,DOT-R13-TGD-01375-2025,30-Jun-27,
3,Tour Guide [Community Guide],KEM PATRICK GANDA ELUDO,"Mapawa, Surigao City, Surigao del Norte",9381344313,eludokem24@gmail.com,DOT-R13-TGD-01380-2025,30-Jun-27,
4,Tour Guide [Community Guide],ROWEL MARTINEZ ACHAS,"Mapawa, Surigao City, Surigao del Norte",9253259853,rowelachas03291986@gmail.com,DOT-R13-TGD-01381-2025,30-Jun-27,
5,Tour Guide [Community Guide],VERONICA UBERA RAFAEL,"Mapawa, Surigao City, Surigao del Norte",9514510112,eronicarafael03241978@gmail.com,DOT-R13-TGD-01383-2025,30-Jun-27,
6,Tour Guide [Community Guide],RHAY JHON DIZON PEDRERA,"Mapawa, Surigao City, Surigao del Norte",9305690933,rhayjhonp@gmail.com,DOT-R13-TGD-01384-2025,30-Jun-27,
7,Tour Guide [Community Guide],REYNELITO B OCAMPO,"Silop, Surigao City, Surigao del Norte",9383558319,REYNELITOOCAMPO@OUTLOOK.COM,DOT-R13-TGD-01387-2025,30-Jun-27,30-Jun-27
8,Tour Guide [Community Guide],GILBERT CUBELO OCAMPO,"Silop, Surigao City, Surigao del Norte",9213380956,gilbertocampo99@gmail.com,DOT-R13-TGD-01393-2025,30-Jun-27,
9,Tour Guide [Community Guide],JESTONY JAMORA MOPAL,"Mapawa, Surigao City, Surigao del Norte",9988856194,jestonyjamoramopal@gmail.com,DOT-R13-TGD-01394-2025,30-Jun-27,
,,,,,,,,
,,,,,,,,
,,,,,,,,
,BACUAG,,,,,,,
1,Tour Guide [Community Guide],ERFIL GIL CHATO AMBID,"Rosario, Bacuag, Surigao del Norte",9476327450,erfilgilambid@gmail.com,DOT-R13-TGD-01368-2025,30-Jun-27,